Date,Price (SP500),,Date1,Price (MSCI),,Date2,Price (GFD),,Date3,Price (GSCI),,Date4,Price (NAREIT),,Date5,Price (SP500 TR)
1/1/72,103.94,,1/1/72,124.25,,1/1/72,6.09,,1/1/72,144.75,,1/1/72,101.22,,1/1/88,257.47
2/1/72,106.57,,2/1/72,132.41,,2/1/72,6.04,,2/1/72,144.35,,2/1/72,102.18,,2/1/88,269.48
3/1/72,107.2,,3/1/72,136.78,,3/1/72,6.12,,3/1/72,146.26,,3/1/72,102.44,,3/1/88,261.15
4/1/72,107.67,,4/1/72,140.06,,4/1/72,6.14,,4/1/72,150.54,,4/1/72,102.7,,4/1/88,264.04
5/1/72,109.53,,5/1/72,144.62,,5/1/72,6.05,,5/1/72,154.06,,5/1/72,101.15,,5/1/88,266.32
6/1/72,107.14,,6/1/72,140.79,,6/1/72,6.15,,6/1/72,158.14,,6/1/72,101.16,,6/1/88,278.54
7/1/72,107.39,,7/1/72,148.39,,7/1/72,6.12,,7/1/72,156.71,,7/1/72,104.02,,7/1/88,277.49
8/1/72,111.09,,8/1/72,150.05,,8/1/72,6.42,,8/1/72,166.07,,8/1/72,102.84,,8/1/88,268.07
9/1/72,110.55,,9/1/72,145.17,,9/1/72,6.54,,9/1/72,178.64,,9/1/72,105.89,,9/1/88,279.49
10/1/72,111.58,,10/1/72,146.71,,10/1/72,6.41,,10/1/72,176.83,,10/1/72,108.9,,10/1/88,287.27
11/1/72,116.67,,11/1/72,156.38,,11/1/72,6.28,,11/1/72,183.79,,11/1/72,111.21,,11/1/88,283.18
12/1/72,118.05,,12/1/72,161.56,,12/1/72,6.41,,12/1/72,198.49,,12/1/72,111.19,,12/1/88,288.12
1/1/73,116.03,,1/1/73,164.35,,1/1/73,6.54,,1/1/73,205.27,,1/1/73,111.57,,1/1/89,309.21
2/1/73,111.68,,2/1/73,177.94,,2/1/73,6.64,,2/1/73,214.17,,2/1/73,104.39,,2/1/89,301.51
3/1/73,111.52,,3/1/73,179.07,,3/1/73,6.73,,3/1/73,209.07,,3/1/73,106.05,,3/1/89,308.54
4/1/73,106.97,,4/1/73,169.05,,4/1/73,6.7,,4/1/73,221.69,,4/1/73,101.94,,4/1/89,324.56
5/1/73,104.95,,5/1/73,173.17,,5/1/73,6.93,,5/1/73,262.12,,5/1/73,97.82,,5/1/89,337.69
6/1/73,104.26,,6/1/73,177.46,,6/1/73,6.94,,6/1/73,257.68,,6/1/73,98.72,,6/1/89,335.78
7/1/73,108.22,,7/1/73,175.28,,7/1/73,7.43,,7/1/73,324.09,,7/1/73,100.87,,7/1/89,366.1
8/1/73,104.25,,8/1/73,166.39,,8/1/73,7.25,,8/1/73,332.06,,8/1/73,94.28,,8/1/89,373.25
9/1/73,108.43,,9/1/73,165.29,,9/1/73,6.9,,9/1/73,315.38,,9/1/73,101.67,,9/1/89,371.74
10/1/73,108.29,,10/1/73,168.86,,10/1/73,6.71,,10/1/73,298.56,,10/1/73,102.92,,10/1/89,363.11
11/1/73,95.96,,11/1/73,144.58,,11/1/73,6.69,,11/1/73,314.19,,11/1/73,88.48,,11/1/89,370.51
12/1/73,97.55,,12/1/73,138.67,,12/1/73,6.9,,12/1/73,347.27,,12/1/73,80.93,,12/1/89,379.41
1/1/74,96.57,,1/1/74,139.62,,1/1/74,7,,1/1/74,386.02,,1/1/74,83.44,,1/1/90,353.94
2/1/74,96.22,,2/1/74,144.27,,2/1/74,7.01,,2/1/74,383.97,,2/1/74,87.26,,2/1/90,358.5
3/1/74,93.98,,3/1/74,140.56,,3/1/74,7.41,,3/1/74,339.78,,3/1/74,84.05,,3/1/90,368
4/1/74,90.31,,4/1/74,144.35,,4/1/74,7.66,,4/1/74,343.54,,4/1/74,73.77,,4/1/90,358.82
5/1/74,87.28,,5/1/74,138.74,,5/1/74,7.52,,5/1/74,320.3,,5/1/74,69.6,,5/1/90,393.8
6/1/74,86,,6/1/74,132.48,,6/1/74,7.64,,6/1/74,360.07,,6/1/74,63.2,,6/1/90,391.14
7/1/74,79.31,,7/1/74,125.79,,7/1/74,7.89,,7/1/74,445.88,,7/1/74,62.19,,7/1/90,389.89
8/1/74,72.15,,8/1/74,112.86,,8/1/74,8.11,,8/1/74,424.01,,8/1/74,51.03,,8/1/90,354.65
9/1/74,63.54,,9/1/74,104.7,,9/1/74,7.94,,9/1/74,475.31,,9/1/74,52.76,,9/1/90,337.39
10/1/74,73.9,,10/1/74,105.65,,10/1/74,7.79,,10/1/74,518.09,,10/1/74,57.45,,10/1/90,335.95
11/1/74,69.97,,11/1/74,109.04,,11/1/74,7.64,,11/1/74,528.17,,11/1/74,51.43,,11/1/90,357.67
12/1/74,68.56,,12/1/74,107.96,,12/1/74,7.4,,12/1/74,484.49,,12/1/74,46.75,,12/1/90,367.63
1/1/75,76.98,,1/1/75,127.26,,1/1/75,7.53,,1/1/75,408.74,,1/1/75,61.16,,1/1/91,383.64
2/1/75,81.59,,2/1/75,144.06,,2/1/75,7.46,,2/1/75,366.18,,2/1/75,58.34,,2/1/91,411.08
3/1/75,83.36,,3/1/75,142.55,,3/1/75,8.01,,3/1/75,397.12,,3/1/75,63.56,,3/1/91,421.03
4/1/75,87.3,,4/1/75,149.31,,4/1/75,8.31,,4/1/75,378.8,,4/1/75,60.11,,4/1/91,422.03
5/1/75,91.15,,5/1/75,148.21,,5/1/75,8.04,,5/1/75,373.11,,5/1/75,62.16,,5/1/91,440.24
6/1/75,95.19,,6/1/75,142.46,,6/1/75,7.96,,6/1/75,379.26,,6/1/75,66.13,,6/1/91,420.07
7/1/75,88.75,,7/1/75,136.62,,7/1/75,8.2,,7/1/75,408.96,,7/1/75,66.28,,7/1/91,439.65
8/1/75,86.88,,8/1/75,136.43,,8/1/75,8.22,,8/1/75,448.24,,8/1/75,65.32,,8/1/91,450.06
9/1/75,83.87,,9/1/75,130.25,,9/1/75,8.48,,9/1/75,453.35,,9/1/75,60.33,,9/1/91,442.53
10/1/75,89.04,,10/1/75,141.51,,10/1/75,7.91,,10/1/75,416.9,,10/1/75,59.5,,10/1/91,448.48
11/1/75,91.24,,11/1/75,144.88,,11/1/75,8.14,,11/1/75,411.82,,11/1/75,60.33,,11/1/91,430.41
12/1/75,90.19,,12/1/75,148.02,,12/1/75,7.76,,12/1/75,401.05,,12/1/75,63.74,,12/1/91,479.63
1/1/76,100.86,,1/1/76,155.86,,1/1/76,7.8,,1/1/76,381.86,,1/1/76,73.03,,1/1/92,470.7
2/1/76,99.71,,2/1/76,154.68,,2/1/76,7.77,,2/1/76,403.7,,2/1/76,75.88,,2/1/92,476.79
3/1/76,102.77,,3/1/76,152.08,,3/1/76,7.66,,3/1/76,404.53,,3/1/76,75.21,,3/1/92,467.52
4/1/76,101.64,,4/1/76,151.4,,4/1/76,7.67,,4/1/76,420.1,,4/1/76,75.76,,4/1/92,481.25
5/1/76,100.18,,5/1/76,147.31,,5/1/76,7.96,,5/1/76,427.7,,5/1/76,74.25,,5/1/92,483.6
6/1/76,104.28,,6/1/76,149.79,,6/1/76,7.86,,6/1/76,420.56,,6/1/76,75.28,,6/1/92,476.41
7/1/76,103.44,,7/1/76,148.05,,7/1/76,7.86,,7/1/76,383.33,,7/1/76,77.61,,7/1/92,495.87
8/1/76,102.91,,8/1/76,148.15,,8/1/76,7.66,,8/1/76,372.55,,8/1/76,79.91,,8/1/92,485.72
9/1/76,105.24,,9/1/76,145.6,,9/1/76,7.55,,9/1/76,335.73,,9/1/76,82.58,,9/1/92,491.43
10/1/76,102.9,,10/1/76,136.32,,10/1/76,7.42,,10/1/76,331.59,,10/1/76,83.62,,10/1/92,493.13
11/1/76,102.1,,11/1/76,138.01,,11/1/76,7.01,,11/1/76,336.32,,11/1/76,87.24,,11/1/92,509.92
12/1/76,107.46,,12/1/76,153.55,,12/1/76,6.81,,12/1/76,353.23,,12/1/76,94.96,,12/1/92,516.18
1/1/77,102.03,,1/1/77,152.66,,1/1/77,7.4,,1/1/77,352.29,,1/1/77,96.68,,1/1/93,520.49
2/1/77,99.82,,2/1/77,156.05,,2/1/77,7.45,,2/1/77,351.42,,2/1/77,96.23,,2/1/93,527.59
3/1/77,98.42,,3/1/77,156.56,,3/1/77,7.42,,3/1/77,364.21,,3/1/77,96.58,,3/1/93,538.72
4/1/77,98.44,,4/1/77,161.15,,4/1/77,7.45,,4/1/77,383.26,,4/1/77,100.11,,4/1/93,525.7
5/1/77,96.12,,5/1/77,160.51,,5/1/77,7.38,,5/1/77,370.1,,5/1/77,98.98,,5/1/93,539.76
6/1/77,100.48,,6/1/77,164.12,,6/1/77,7.2,,6/1/77,361.14,,6/1/77,104.03,,6/1/93,541.34
7/1/77,98.85,,7/1/77,161.67,,7/1/77,7.42,,7/1/77,330.39,,7/1/77,107.48,,7/1/93,539.16
8/1/77,96.77,,8/1/77,168.83,,8/1/77,7.28,,8/1/77,333.63,,8/1/77,108.66,,8/1/93,559.62
9/1/77,96.53,,9/1/77,173.87,,9/1/77,7.41,,9/1/77,345.8,,9/1/77,106.97,,9/1/93,555.33
10/1/77,92.34,,10/1/77,178.25,,10/1/77,7.62,,10/1/77,355.75,,10/1/77,105.77,,10/1/93,566.82
11/1/77,94.83,,11/1/77,176.77,,11/1/77,7.55,,11/1/77,370.87,,11/1/77,112.82,,11/1/93,561.41
12/1/77,95.1,,12/1/77,183.38,,12/1/77,7.78,,12/1/77,389.86,,12/1/77,113.07,,12/1/93,568.2
1/1/78,89.25,,1/1/78,185.78,,1/1/78,7.94,,1/1/78,402.43,,1/1/78,109.44,,1/1/94,587.52
2/1/78,87.04,,2/1/78,187.97,,2/1/78,8.04,,2/1/78,408.77,,2/1/78,110.68,,2/1/94,571.57
3/1/78,89.21,,3/1/78,201.71,,3/1/78,8.15,,3/1/78,450.97,,3/1/78,114.95,,3/1/94,546.65
4/1/78,96.83,,4/1/78,200.31,,4/1/78,8.24,,4/1/78,460.66,,4/1/78,115.56,,4/1/94,553.66
5/1/78,97.24,,5/1/78,204.47,,5/1/78,8.42,,5/1/78,495.79,,5/1/78,113.52,,5/1/94,562.75
6/1/78,95.53,,6/1/78,213.76,,6/1/78,8.62,,6/1/78,449.49,,6/1/78,113.25,,6/1/94,548.96
7/1/78,100.68,,7/1/78,232.44,,7/1/78,8.56,,7/1/78,461.74,,7/1/78,116.19,,7/1/94,566.98
8/1/78,103.29,,8/1/78,237.23,,8/1/78,8.39,,8/1/78,474.34,,8/1/78,121.1,,8/1/94,590.23
9/1/78,102.54,,9/1/78,244.38,,9/1/78,8.56,,9/1/78,501.02,,9/1/78,122.75,,9/1/94,575.8
10/1/78,93.15,,10/1/78,258.53,,10/1/78,8.96,,10/1/78,506.05,,10/1/78,109.81,,10/1/94,588.73
11/1/78,94.7,,11/1/78,234.57,,11/1/78,8.86,,11/1/78,519.15,,11/1/78,110.5,,11/1/94,567.29
12/1/78,96.11,,12/1/78,246.28,,12/1/78,9.15,,12/1/78,513.08,,12/1/78,111.21,,12/1/94,575.71
1/1/79,99.93,,1/1/79,247.84,,1/1/79,8.95,,1/1/79,550.09,,1/1/79,119.72,,1/1/95,590.64
2/1/79,96.28,,2/1/79,246.6,,2/1/79,9.17,,2/1/79,582.29,,2/1/79,119.46,,2/1/95,613.65
3/1/79,101.59,,3/1/79,252.37,,3/1/79,9.11,,3/1/79,571.95,,3/1/79,128.96,,3/1/95,631.76
4/1/79,101.76,,4/1/79,251.44,,4/1/79,9.35,,4/1/79,606.17,,4/1/79,130.91,,4/1/95,650.36
5/1/79,99.08,,5/1/79,246.27,,5/1/79,9.06,,5/1/79,577.61,,5/1/79,130.73,,5/1/95,676.36
6/1/79,102.91,,6/1/79,250.72,,6/1/79,8.81,,6/1/79,585.34,,6/1/79,140.89,,6/1/95,692.07
7/1/79,103.81,,7/1/79,253.72,,7/1/79,9.01,,7/1/79,560.91,,7/1/79,144.49,,7/1/95,715.02
8/1/79,109.32,,8/1/79,259.89,,8/1/79,9.24,,8/1/79,625.51,,8/1/79,159.05,,8/1/95,716.82
9/1/79,109.32,,9/1/79,271.36,,9/1/79,9.44,,9/1/79,652.39,,9/1/79,154.59,,9/1/95,747.07
10/1/79,101.82,,10/1/79,249.76,,10/1/79,10.72,,10/1/79,631.74,,10/1/79,136.9,,10/1/95,744.4
11/1/79,106.16,,11/1/79,252.92,,11/1/79,10.38,,11/1/79,675.53,,11/1/79,144.07,,11/1/95,777.07
12/1/79,107.94,,12/1/79,261.51,,12/1/79,10.33,,12/1/79,686.56,,12/1/79,145.16,,12/1/95,792.04
1/1/80,114.16,,1/1/80,274.17,,1/1/80,11.13,,1/1/80,727.92,,1/1/80,155.16,,1/1/96,819
2/1/80,113.66,,2/1/80,273.07,,2/1/80,12.72,,2/1/80,721.19,,2/1/80,153.35,,2/1/96,826.59
3/1/80,102.09,,3/1/80,244.08,,3/1/80,12.64,,3/1/80,620.39,,3/1/80,132.93,,3/1/96,834.55
4/1/80,106.29,,4/1/80,267.18,,4/1/80,10.76,,4/1/80,643.38,,4/1/80,144.19,,4/1/96,846.85
5/1/80,111.24,,5/1/80,279.65,,5/1/80,10.25,,5/1/80,682.5,,5/1/80,155.24,,5/1/96,868.69
6/1/80,114.24,,6/1/80,297.51,,6/1/80,10.09,,6/1/80,720.92,,6/1/80,164.24,,6/1/96,872.01
7/1/80,121.67,,7/1/80,296.04,,7/1/80,10.76,,7/1/80,755.15,,7/1/80,177.36,,7/1/96,833.48
8/1/80,122.38,,8/1/80,306.32,,8/1/80,11.55,,8/1/80,767.3,,8/1/80,181.18,,8/1/96,851.06
9/1/80,125.46,,9/1/80,317.05,,9/1/80,11.86,,9/1/80,810.18,,9/1/80,177.97,,9/1/96,898.97
10/1/80,127.47,,10/1/80,330.4,,10/1/80,12.46,,10/1/80,835.6,,10/1/80,192.1,,10/1/96,923.76
11/1/80,140.52,,11/1/80,323.74,,11/1/80,12.72,,11/1/80,824,,11/1/80,190.13,,11/1/96,993.58
12/1/80,135.76,,12/1/80,325.39,,12/1/80,12.43,,12/1/80,762.66,,12/1/80,185.84,,12/1/96,973.9
1/1/81,129.55,,1/1/81,320.95,,1/1/81,12.68,,1/1/81,714.2,,1/1/81,189.32,,1/1/97,1034.74
2/1/81,131.27,,2/1/81,316.7,,2/1/81,13.43,,2/1/81,693.47,,2/1/81,190.56,,2/1/97,1042.85
3/1/81,136,,3/1/81,328.15,,3/1/81,13.13,,3/1/81,692.3,,3/1/81,202,,3/1/97,1000
4/1/81,132.81,,4/1/81,337.06,,4/1/81,14.11,,4/1/81,682.85,,4/1/81,204.98,,4/1/97,1059.7
5/1/81,132.59,,5/1/81,322.87,,5/1/81,13.5,,5/1/81,686.55,,5/1/81,195.6,,5/1/97,1124.22
6/1/81,131.21,,6/1/81,325.18,,6/1/81,13.86,,6/1/81,642.93,,6/1/81,203.4,,6/1/97,1174.59
7/1/81,130.92,,7/1/81,312.04,,7/1/81,14.67,,7/1/81,672.16,,7/1/81,204.58,,7/1/97,1268.05
8/1/81,122.79,,8/1/81,319.42,,8/1/81,15.41,,8/1/81,650.09,,8/1/81,193.86,,8/1/97,1197.01
9/1/81,116.18,,9/1/81,287.69,,9/1/81,15.84,,9/1/81,649.26,,9/1/81,183.09,,9/1/97,1262.56
10/1/81,121.89,,10/1/81,292.48,,10/1/81,14.63,,10/1/81,651.22,,10/1/81,192.55,,10/1/97,1220.4
11/1/81,126.35,,11/1/81,325.03,,11/1/81,13.13,,11/1/81,621.87,,11/1/81,204.84,,11/1/97,1276.89
12/1/81,122.55,,12/1/81,322.03,,12/1/81,13.98,,12/1/81,587.18,,12/1/81,201.78,,12/1/97,1298.82
1/1/82,120.4,,1/1/82,319.92,,1/1/82,14.14,,1/1/82,634.12,,1/1/82,199.97,,1/1/98,1313.19
2/1/82,113.11,,2/1/82,299.57,,2/1/82,14.03,,2/1/82,619.87,,2/1/82,195.87,,2/1/98,1407.9
3/1/82,111.96,,3/1/82,285.04,,3/1/82,14.18,,3/1/82,642.99,,3/1/82,196.91,,3/1/98,1480
4/1/82,116.44,,4/1/82,303.58,,4/1/82,13.87,,4/1/82,666.17,,4/1/82,201.81,,4/1/98,1494.89
5/1/82,111.88,,5/1/82,299.64,,5/1/82,13.71,,5/1/82,667.68,,5/1/82,199.82,,5/1/98,1469.19
6/1/82,109.61,,6/1/82,277.27,,6/1/82,14.44,,6/1/82,647.59,,6/1/82,192.48,,6/1/98,1528.87
7/1/82,107.09,,7/1/82,274.07,,7/1/82,13.68,,7/1/82,661.66,,7/1/82,200.12,,7/1/98,1512.59
8/1/82,119.51,,8/1/82,274.24,,8/1/82,12.81,,8/1/82,660.17,,8/1/82,214.25,,8/1/98,1293.9
9/1/82,120.42,,9/1/82,272.51,,9/1/82,11.73,,9/1/82,640.87,,9/1/82,224.51,,9/1/98,1376.79
10/1/82,133.72,,10/1/82,273.68,,10/1/82,10.71,,10/1/82,637.15,,10/1/82,249.14,,10/1/98,1488.78
11/1/82,138.53,,11/1/82,295.66,,11/1/82,10.79,,11/1/82,662.58,,11/1/82,260.99,,11/1/98,1579.02
12/1/82,140.64,,12/1/82,319.27,,12/1/82,10.36,,12/1/82,655.05,,12/1/82,265.62,,12/1/98,1670.01
1/1/83,145.3,,1/1/83,316.58,,1/1/83,10.8,,1/1/83,659.62,,1/1/83,271.71,,1/1/99,1739.84
2/1/83,148.06,,2/1/83,325.4,,2/1/83,10.27,,2/1/83,652.08,,2/1/83,279.05,,2/1/99,1685.77
3/1/83,152.96,,3/1/83,338.1,,3/1/83,10.62,,3/1/83,696.02,,3/1/83,302.27,,3/1/99,1753.21
4/1/83,164.43,,4/1/83,357.47,,4/1/83,10.27,,4/1/83,702.84,,4/1/83,318.23,,4/1/99,1821.11
5/1/83,162.39,,5/1/83,355.79,,5/1/83,10.81,,5/1/83,706.54,,5/1/83,318.44,,5/1/99,1778.1
6/1/83,167.64,,6/1/83,363.97,,6/1/83,10.96,,6/1/83,715.59,,6/1/83,315.54,,6/1/99,1876.78
7/1/83,162.56,,7/1/83,364.88,,7/1/83,11.76,,7/1/83,740.79,,7/1/83,311.22,,7/1/99,1818.18
8/1/83,164.4,,8/1/83,359.13,,8/1/83,11.98,,8/1/83,753.78,,8/1/83,308.82,,8/1/99,1809.19
9/1/83,166.07,,9/1/83,373.16,,9/1/83,11.44,,9/1/83,733.3,,9/1/83,315.71,,9/1/99,1759.59
10/1/83,163.55,,10/1/83,372.93,,10/1/83,11.74,,10/1/83,724.35,,10/1/83,323.66,,10/1/99,1870.94
11/1/83,166.4,,11/1/83,381.88,,11/1/83,11.63,,11/1/83,724.98,,11/1/83,328.3,,11/1/99,1908.97
12/1/83,164.93,,12/1/83,397.84,,12/1/83,11.82,,12/1/83,761.53,,12/1/83,333.28,,12/1/99,2021.4
1/1/84,163.41,,1/1/84,415.71,,1/1/84,11.67,,1/1/84,769.52,,1/1/84,337.64,,1/1/00,1919.84
2/1/84,157.06,,2/1/84,419.58,,2/1/84,12.04,,2/1/84,773.2,,2/1/84,332.4,,2/1/00,1883.5
3/1/84,159.18,,3/1/84,459.09,,3/1/84,12.53,,3/1/84,811.16,,3/1/84,334.72,,3/1/00,2067.76
4/1/84,160.05,,4/1/84,451.59,,4/1/84,12.82,,4/1/84,802.04,,4/1/84,338.94,,4/1/00,2005.55
5/1/84,150.55,,5/1/84,405.87,,5/1/84,13.91,,5/1/84,825.33,,5/1/84,329.37,,5/1/00,1964.4
6/1/84,153.18,,6/1/84,405.51,,6/1/84,13.84,,6/1/84,806.68,,6/1/84,330.21,,6/1/00,2012.83
7/1/84,150.66,,7/1/84,379.64,,7/1/84,12.91,,7/1/84,752.5,,7/1/84,327.8,,7/1/00,1981.36
8/1/84,166.68,,8/1/84,411.95,,8/1/84,12.79,,8/1/84,784.8,,8/1/84,343.79,,8/1/00,2104.43
9/1/84,166.1,,9/1/84,408.45,,9/1/84,12.47,,9/1/84,778.64,,9/1/84,361.72,,9/1/00,1993.33
10/1/84,166.09,,10/1/84,418.8,,10/1/84,11.79,,10/1/84,782.2,,10/1/84,372.67,,10/1/00,1984.91
11/1/84,163.58,,11/1/84,420.53,,11/1/84,11.58,,11/1/84,785.17,,11/1/84,377.42,,11/1/00,1828.42
12/1/84,167.24,,12/1/84,429.13,,12/1/84,11.55,,12/1/84,769.53,,12/1/84,382.65,,12/1/00,1837.37
1/1/85,179.63,,1/1/85,438.91,,1/1/85,11.17,,1/1/85,779.24,,1/1/85,404.31,,1/1/01,1902.55
2/1/85,181.18,,2/1/85,436.45,,2/1/85,11.91,,2/1/85,769.01,,2/1/85,410.96,,2/1/01,1729.08
3/1/85,180.66,,3/1/85,470.44,,3/1/85,11.65,,3/1/85,802.25,,3/1/85,408.2,,3/1/01,1619.54
4/1/85,179.83,,4/1/85,468.98,,4/1/85,11.41,,4/1/85,776.3,,4/1/85,408.57,,4/1/01,1745.39
5/1/85,189.55,,5/1/85,489.05,,5/1/85,10.28,,5/1/85,776.22,,5/1/85,419.7,,5/1/01,1757.09
6/1/85,191.85,,6/1/85,501.77,,6/1/85,10.25,,6/1/85,753.6,,6/1/85,429.44,,6/1/01,1714.32
7/1/85,190.92,,7/1/85,527.84,,7/1/85,10.57,,7/1/85,736.66,,7/1/85,433.4,,7/1/01,1697.45
8/1/85,188.63,,8/1/85,544.96,,8/1/85,10.28,,8/1/85,747.69,,8/1/85,409.7,,8/1/01,1591.18
9/1/85,182.08,,9/1/85,577.02,,9/1/85,10.31,,9/1/85,790.21,,9/1/85,396.94,,9/1/01,1462.69
10/1/85,189.82,,10/1/85,616.46,,10/1/85,10.01,,10/1/85,847.43,,10/1/85,409.41,,10/1/01,1490.58
11/1/85,202.17,,11/1/85,641.95,,11/1/85,9.59,,11/1/85,862.18,,11/1/85,402.83,,11/1/01,1604.92
12/1/85,211.28,,12/1/85,672.54,,12/1/85,9,,12/1/85,846.58,,12/1/85,405.3,,12/1/01,1618.98
1/1/86,211.78,,1/1/86,689.6,,1/1/86,9.08,,1/1/86,769.77,,1/1/86,420.97,,1/1/02,1595.35
2/1/86,226.92,,2/1/86,766.2,,2/1/86,8.13,,2/1/86,742.95,,2/1/86,436.9,,2/1/02,1564.59
3/1/86,238.9,,3/1/86,874.16,,3/1/86,7.39,,3/1/86,741.3,,3/1/86,447.65,,3/1/02,1623.43
4/1/86,235.52,,4/1/86,931.63,,4/1/86,7.38,,4/1/86,783.06,,4/1/86,450.33,,4/1/02,1525
5/1/86,247.35,,5/1/86,890.42,,5/1/86,8.05,,5/1/86,753.66,,5/1/86,447.76,,5/1/02,1513.77
6/1/86,250.84,,6/1/86,951.36,,6/1/86,7.35,,6/1/86,782.16,,6/1/86,463.52,,6/1/02,1405.94
7/1/86,236.12,,7/1/86,1010.25,,7/1/86,7.34,,7/1/86,789.71,,7/1/86,465.62,,7/1/02,1296.34
8/1/86,252.93,,8/1/86,1110.08,,8/1/86,6.95,,8/1/86,857.51,,8/1/86,485.03,,8/1/02,1304.86
9/1/86,231.32,,9/1/86,1098.94,,9/1/86,7.45,,9/1/86,835.84,,9/1/86,473.4,,9/1/02,1163.04
10/1/86,243.98,,10/1/86,1025.78,,10/1/86,7.34,,10/1/86,844.64,,10/1/86,490.89,,10/1/02,1265.41
11/1/86,249.22,,11/1/86,1085.14,,11/1/86,7.15,,11/1/86,870.21,,11/1/86,488.17,,11/1/02,1339.89
12/1/86,242.17,,12/1/86,1142.92,,12/1/86,7.23,,12/1/86,863.89,,12/1/86,483.03,,12/1/02,1261.18
1/1/87,274.08,,1/1/87,1264.56,,1/1/87,7.18,,1/1/87,913.31,,1/1/87,493.35,,1/1/03,1228.14
2/1/87,284.2,,2/1/87,1302.72,,2/1/87,7.19,,2/1/87,858.47,,2/1/87,508.47,,2/1/03,1209.71
3/1/87,291.7,,3/1/87,1409.79,,3/1/87,7.51,,3/1/87,927.82,,3/1/87,509.4,,3/1/03,1221.46
4/1/87,288.36,,4/1/87,1559.21,,4/1/87,8.21,,4/1/87,974.43,,4/1/87,495.59,,4/1/03,1322.07
5/1/87,290.1,,5/1/87,1559.49,,5/1/87,8.49,,5/1/87,1019.42,,5/1/87,490.87,,5/1/03,1391.72
6/1/87,304,,6/1/87,1510.09,,6/1/87,8.38,,6/1/87,1055.85,,6/1/87,500.64,,6/1/03,1409.48
7/1/87,318.66,,7/1/87,1507.72,,7/1/87,8.66,,7/1/87,1102.97,,7/1/87,501.13,,7/1/03,1434.33
8/1/87,329.8,,8/1/87,1621.08,,8/1/87,9,,8/1/87,1080.63,,8/1/87,491.61,,8/1/03,1462.3
9/1/87,321.83,,9/1/87,1595.86,,9/1/87,9.63,,9/1/87,1088.6,,9/1/87,481.52,,9/1/03,1446.77
10/1/87,251.79,,10/1/87,1372.54,,10/1/87,8.88,,10/1/87,1100.05,,10/1/87,412.75,,10/1/03,1528.62
11/1/87,230.3,,11/1/87,1386.37,,11/1/87,8.99,,11/1/87,1099.82,,11/1/87,416.69,,11/1/03,1542.07
12/1/87,247.08,,12/1/87,1427.88,,12/1/87,8.83,,12/1/87,1069.27,,12/1/87,431.49,,12/1/03,1622.94
1/1/88,257.07,,1/1/88,1453.7,,1/1/88,8.26,,1/1/88,1097.69,,1/1/88,467.03,,1/1/04,1652.73
2/1/88,267.82,,2/1/88,1550.97,,2/1/88,8.16,,2/1/88,1085.56,,2/1/88,478.28,,2/1/04,1675.7
3/1/88,258.89,,3/1/88,1646.63,,3/1/88,8.57,,3/1/88,1140.29,,3/1/88,479.24,,3/1/04,1650.42
4/1/88,261.33,,4/1/88,1670.86,,4/1/88,8.87,,4/1/88,1175.63,,4/1/88,483.18,,4/1/04,1624.51
5/1/88,262.16,,5/1/88,1617.68,,5/1/88,9.2,,5/1/88,1217.15,,5/1/88,477.65,,5/1/04,1646.8
6/1/88,273.5,,6/1/88,1575.37,,6/1/88,8.82,,6/1/88,1183.15,,6/1/88,490.02,,6/1/04,1678.83
7/1/88,272.02,,7/1/88,1625.12,,7/1/88,9.12,,7/1/88,1190.15,,7/1/88,496.21,,7/1/04,1623.26
8/1/88,261.52,,8/1/88,1519.77,,8/1/88,9.25,,8/1/88,1182.11,,8/1/88,493.06,,8/1/04,1629.83
9/1/88,271.91,,9/1/88,1586.48,,9/1/88,8.87,,9/1/88,1149.83,,9/1/88,491.37,,9/1/04,1647.48
10/1/88,278.97,,10/1/88,1722.6,,10/1/88,8.65,,10/1/88,1205.49,,10/1/88,487.72,,10/1/04,1672.65
11/1/88,273.7,,11/1/88,1825.57,,11/1/88,9.06,,11/1/88,1274.76,,11/1/88,479.91,,11/1/04,1740.33
12/1/88,277.72,,12/1/88,1836.07,,12/1/88,9.14,,12/1/88,1367.97,,12/1/88,480.49,,12/1/04,1799.55
1/1/89,297.47,,1/1/89,1868.75,,1/1/89,9.01,,1/1/89,1373.6,,1/1/89,482.69,,1/1/05,1755.68
2/1/89,288.86,,2/1/89,1878.72,,2/1/89,9.32,,2/1/89,1432.68,,2/1/89,474.71,,2/1/05,1792.63
3/1/89,294.87,,3/1/89,1842.21,,3/1/89,9.3,,3/1/89,1529.34,,3/1/89,474.58,,3/1/05,1760.89
4/1/89,309.64,,4/1/89,1859.66,,4/1/89,9.02,,4/1/89,1577.91,,4/1/89,482.52,,4/1/05,1727.49
5/1/89,320.52,,5/1/89,1758.8,,5/1/89,8.6,,5/1/89,1557.74,,5/1/89,493.99,,5/1/05,1782.46
6/1/89,317.98,,6/1/89,1729.59,,6/1/89,8.1,,6/1/89,1612.21,,6/1/89,498.3,,6/1/05,1784.99
7/1/89,346.08,,7/1/89,1947.14,,7/1/89,7.82,,7/1/89,1566.91,,7/1/89,510.15,,7/1/05,1851.37
8/1/89,351.45,,8/1/89,1859.94,,8/1/89,8.26,,8/1/89,1621.35,,8/1/89,510.65,,8/1/05,1834.48
9/1/89,349.15,,9/1/89,1945,,9/1/89,8.31,,9/1/89,1717.92,,9/1/89,504.61,,9/1/05,1849.33
10/1/89,340.36,,10/1/89,1867.23,,10/1/89,7.92,,10/1/89,1705.83,,10/1/89,483.76,,10/1/05,1818.5
11/1/89,345.99,,11/1/89,1961.48,,11/1/89,7.84,,11/1/89,1733.35,,11/1/89,477.21,,11/1/05,1887.28
12/1/89,353.4,,12/1/89,2034.33,,12/1/89,7.93,,12/1/89,1891.64,,12/1/89,471.78,,12/1/05,1887.94
1/1/90,329.08,,1/1/90,1959.05,,1/1/90,8.43,,1/1/90,1883.36,,1/1/90,461.26,,1/1/06,1937.93
2/1/90,331.89,,2/1/90,1822.73,,2/1/90,8.51,,2/1/90,1877.21,,2/1/90,445.44,,2/1/06,1943.19
3/1/90,339.94,,3/1/90,1633.22,,3/1/90,8.65,,3/1/90,1890.95,,3/1/90,446.18,,3/1/06,1967.38
4/1/90,330.8,,4/1/90,1620.69,,4/1/90,9.04,,4/1/90,1871.12,,4/1/90,439.33,,4/1/06,1993.79
5/1/90,361.23,,5/1/90,1806.11,,5/1/90,8.6,,5/1/90,1857.3,,5/1/90,439.19,,5/1/06,1936.41
6/1/90,358.02,,6/1/90,1790.63,,6/1/90,8.43,,6/1/90,1828.55,,6/1/90,442.54,,6/1/06,1939.03
7/1/90,356.15,,7/1/90,1816.32,,7/1/90,8.36,,7/1/90,1979.47,,7/1/90,434.58,,7/1/06,1951
8/1/90,322.56,,8/1/90,1640.43,,8/1/90,8.86,,8/1/90,2307.85,,8/1/90,408.04,,8/1/06,1997.42
9/1/90,306.05,,9/1/90,1412.29,,9/1/90,8.82,,9/1/90,2837.27,,9/1/90,379.76,,9/1/06,2048.89
10/1/90,304,,10/1/90,1632.81,,10/1/90,8.65,,10/1/90,2665.57,,10/1/90,366.46,,10/1/06,2115.65
11/1/90,322.22,,11/1/90,1536.96,,11/1/90,8.26,,11/1/90,2490.6,,11/1/90,389.8,,11/1/06,2155.89
12/1/90,330.22,,12/1/90,1562.45,,12/1/90,8.08,,12/1/90,2441.68,,12/1/90,389.95,,12/1/06,2186.13
1/1/91,343.93,,1/1/91,1613.43,,1/1/91,8.03,,1/1/91,2212.46,,1/1/91,424.12,,1/1/07,2219.19
2/1/91,367.07,,2/1/91,1786.86,,2/1/91,8.02,,2/1/91,2243.23,,2/1/91,444.98,,2/1/07,2175.78
3/1/91,375.22,,3/1/91,1680.02,,3/1/91,8.05,,3/1/91,2327.67,,3/1/91,478.9,,3/1/07,2200.12
4/1/91,375.34,,4/1/91,1697.01,,4/1/91,8.02,,4/1/91,2380.39,,4/1/91,490.28,,4/1/07,2297.58
5/1/91,389.83,,5/1/91,1715.22,,5/1/91,8.06,,5/1/91,2379.17,,5/1/91,501.85,,5/1/07,2377.75
6/1/91,371.16,,6/1/91,1589.63,,6/1/91,8.24,,6/1/91,2322.83,,6/1/91,488.84,,6/1/07,2338.25
7/1/91,387.81,,7/1/91,1668.16,,7/1/91,8.2,,7/1/91,2441.43,,7/1/91,498.27,,7/1/07,2265.75
8/1/91,395.43,,8/1/91,1634.69,,8/1/91,7.82,,8/1/91,2479.07,,8/1/91,498.57,,8/1/07,2299.71
9/1/91,387.86,,9/1/91,1727.31,,9/1/91,7.47,,9/1/91,2498.64,,9/1/91,508.2,,9/1/07,2385.72
10/1/91,392.45,,10/1/91,1752.23,,10/1/91,7.47,,10/1/91,2570.31,,10/1/91,505.06,,10/1/07,2423.67
11/1/91,375.22,,11/1/91,1670.9,,11/1/91,7.38,,11/1/91,2466.49,,11/1/91,505.18,,11/1/07,2322.34
12/1/91,417.09,,12/1/91,1757.71,,12/1/91,6.71,,12/1/91,2291.9,,12/1/91,529.08,,12/1/07,2306.23
1/1/92,408.78,,1/1/92,1720.68,,1/1/92,7.31,,1/1/92,2354.91,,1/1/92,555.27,,1/1/08,2167.9
2/1/92,412.7,,2/1/92,1659.57,,2/1/92,7.27,,2/1/92,2329.08,,2/1/92,542.38,,2/1/08,2097.48
3/1/92,403.69,,3/1/92,1550.47,,3/1/92,7.54,,3/1/92,2355.11,,3/1/92,534.31,,3/1/08,2088.42
4/1/92,414.95,,4/1/92,1558.23,,4/1/92,7.61,,4/1/92,2425.68,,4/1/92,535.51,,4/1/08,2190.13
5/1/92,415.35,,5/1/92,1663.01,,5/1/92,7.33,,5/1/92,2490.85,,5/1/92,552.75,,5/1/08,2218.5
6/1/92,408.14,,6/1/92,1584.68,,6/1/92,7.14,,6/1/92,2477.12,,6/1/92,546.05,,6/1/08,2031.47
7/1/92,424.21,,7/1/92,1544.63,,7/1/92,6.72,,7/1/92,2442.6,,7/1/92,564.53,,7/1/08,2014.39
8/1/92,414.03,,8/1/92,1642.04,,8/1/92,6.62,,8/1/92,2445.16,,8/1/92,559.65,,8/1/08,2043.53
9/1/92,417.8,,9/1/92,1610.14,,9/1/92,6.37,,9/1/92,2473.19,,9/1/92,573,,9/1/08,1861.44
10/1/92,418.68,,10/1/92,1526.17,,10/1/92,6.8,,10/1/92,2418.81,,10/1/92,571.12,,10/1/08,1548.81
11/1/92,431.35,,11/1/92,1541,,11/1/92,6.95,,11/1/92,2387.88,,11/1/92,582.24,,11/1/08,1437.68
12/1/92,435.71,,12/1/92,1549.43,,12/1/92,6.7,,12/1/92,2393.26,,12/1/92,593.49,,12/1/08,1452.98
1/1/93,438.78,,1/1/93,1549.71,,1/1/93,6.39,,1/1/93,2422.28,,1/1/93,631.29,,1/1/09,1330.51
2/1/93,443.38,,2/1/93,1596.98,,2/1/93,6.03,,2/1/93,2450.42,,2/1/93,661.04,,2/1/09,1188.84
3/1/93,451.67,,3/1/93,1736.64,,3/1/93,6.03,,3/1/93,2501.49,,3/1/93,706.94,,3/1/09,1292.98
4/1/93,440.19,,4/1/93,1901.93,,4/1/93,6.05,,4/1/93,2474.61,,4/1/93,675.78,,4/1/09,1416.73
5/1/93,450.19,,5/1/93,1942.56,,5/1/93,6.16,,5/1/93,2405.75,,5/1/93,667.53,,5/1/09,1495.97
6/1/93,450.53,,6/1/93,1912.7,,6/1/93,5.8,,6/1/93,2330.46,,6/1/93,687.12,,6/1/09,1498.94
7/1/93,448.13,,7/1/93,1980.1,,7/1/93,5.83,,7/1/93,2310.31,,7/1/93,698.72,,7/1/09,1612.31
8/1/93,463.56,,8/1/93,2087.44,,8/1/93,5.45,,8/1/93,2329.33,,8/1/93,715.48,,8/1/09,1670.52
9/1/93,458.93,,9/1/93,2040.91,,9/1/93,5.4,,9/1/93,2335.26,,9/1/93,748.12,,9/1/09,1732.86
10/1/93,467.83,,10/1/93,2104.25,,10/1/93,5.39,,10/1/93,2251.36,,10/1/93,738.7,,10/1/09,1700.67
11/1/93,461.79,,11/1/93,1920.76,,11/1/93,5.8,,11/1/93,2138.44,,11/1/93,703.76,,11/1/09,1802.68
12/1/93,466.45,,12/1/93,2059.89,,12/1/93,5.78,,12/1/93,2098.21,,12/1/93,703.57,,12/1/09,1837.5
1/1/94,481.61,,1/1/94,2234.49,,1/1/94,5.64,,1/1/94,2269.05,,1/1/94,724.61,,1/1/10,1771.4
2/1/94,467.14,,2/1/94,2228.76,,2/1/94,6.15,,2/1/94,2219.72,,2/1/94,749.56,,2/1/10,1826.27
3/1/94,445.77,,3/1/94,2133.24,,3/1/94,6.77,,3/1/94,2193.29,,3/1/94,719.38,,3/1/10,1936.48
4/1/94,450.91,,4/1/94,2224.22,,4/1/94,7.04,,4/1/94,2250.73,,4/1/94,731.05,,4/1/10,1967.05
5/1/94,456.5,,5/1/94,2211.93,,5/1/94,7.15,,5/1/94,2284.22,,5/1/94,745.91,,5/1/10,1809.98
6/1/94,444.27,,6/1/94,2243.68,,6/1/94,7.33,,6/1/94,2340.41,,6/1/94,729.72,,6/1/10,1715.23
7/1/94,458.26,,7/1/94,2265.76,,7/1/94,7.1,,7/1/94,2380.7,,7/1/94,727.87,,7/1/10,1835.4
8/1/94,475.49,,8/1/94,2319.9,,8/1/94,7.17,,8/1/94,2220.25,,8/1/94,731.91,,8/1/10,1752.55
9/1/94,462.71,,9/1/94,2247.34,,9/1/94,7.6,,9/1/94,2199.35,,9/1/94,717.04,,9/1/10,1908.95
10/1/94,472.35,,10/1/94,2322.7,,10/1/94,7.79,,10/1/94,2209.26,,10/1/94,690.44,,10/1/10,1981.59
11/1/94,453.69,,11/1/94,2211.58,,11/1/94,7.89,,11/1/94,2136.92,,11/1/94,668,,11/1/10,1981.84
12/1/94,459.27,,12/1/94,2225.95,,12/1/94,7.83,,12/1/94,2209.27,,12/1/94,709.24,,12/1/10,2114.29
1/1/95,470.42,,1/1/95,2140.96,,1/1/95,7.59,,1/1/95,2154.37,,1/1/95,698.71,,1/1/11,2164.4
2/1/95,487.39,,2/1/95,2135.37,,2/1/95,7.21,,2/1/95,2171.77,,2/1/95,721.39,,2/1/11,2238.55
3/1/95,500.71,,3/1/95,2269.15,,3/1/95,7.19,,3/1/95,2201.35,,3/1/95,717.09,,3/1/11,2239.44
4/1/95,514.71,,4/1/95,2355.1,,4/1/95,7.05,,4/1/95,2268.75,,4/1/95,718.71,,4/1/11,2305.76
5/1/95,533.4,,5/1/95,2327.63,,5/1/95,6.29,,5/1/95,2249.6,,5/1/95,751.07,,5/1/11,2279.66
6/1/95,544.75,,6/1/95,2287.43,,6/1/95,6.2,,6/1/95,2209.46,,6/1/95,764.39,,6/1/11,2241.66
7/1/95,562.06,,7/1/95,2430.46,,7/1/95,6.43,,7/1/95,2267.16,,7/1/95,776.34,,7/1/11,2196.08
8/1/95,561.88,,8/1/95,2338.34,,8/1/95,6.27,,8/1/95,2315.22,,8/1/95,787.89,,8/1/11,2076.78
9/1/95,584.41,,9/1/95,2384.61,,9/1/95,6.16,,9/1/95,2325,,9/1/95,802.31,,9/1/11,1930.79
10/1/95,581.5,,10/1/95,2321.12,,10/1/95,6,,10/1/95,2348.4,,10/1/95,787.55,,10/1/11,2141.81
11/1/95,605.37,,11/1/95,2386.31,,11/1/95,5.75,,11/1/95,2411.8,,11/1/95,795.45,,11/1/11,2137.08
12/1/95,615.93,,12/1/95,2483.07,,12/1/95,5.58,,12/1/95,2658.46,,12/1/95,839.09,,12/1/11,2158.94
1/1/96,636.02,,1/1/96,2493.85,,1/1/96,5.58,,1/1/96,2654.16,,1/1/96,855.16,,1/1/12,2255.69
2/1/96,640.43,,2/1/96,2502.91,,2/1/96,6.11,,2/1/96,2760.56,,2/1/96,861.75,,2/1/12,2353.23
3/1/96,645.5,,3/1/96,2556.69,,3/1/96,6.33,,3/1/96,2940,,3/1/96,860.51,,3/1/12,2430.67
4/1/96,654.17,,4/1/96,2631.65,,4/1/96,6.63,,4/1/96,3109.74,,4/1/96,863.31,,4/1/12,2415.42
5/1/96,669.12,,5/1/96,2583.85,,5/1/96,6.84,,5/1/96,3085.18,,5/1/96,886.74,,5/1/12,2270.25
6/1/96,670.63,,6/1/96,2599.03,,6/1/96,6.71,,6/1/96,3204.88,,6/1/96,898.96,,6/1/12,2363.79
7/1/96,639.95,,7/1/96,2523.72,,7/1/96,6.79,,7/1/96,3053.21,,7/1/96,906.7,,7/1/12,2396.62
8/1/96,651.99,,8/1/96,2529.9,,8/1/96,6.94,,8/1/96,3151.53,,8/1/96,943.59,,8/1/12,2450.6
9/1/96,687.33,,9/1/96,2597.74,,9/1/96,6.7,,9/1/96,3263.3,,9/1/96,960,,9/1/12,2513.93
10/1/96,705.27,,10/1/96,2571.81,,10/1/96,6.35,,10/1/96,3255.23,,10/1/96,990.8,,10/1/12,2467.51
11/1/96,757.02,,11/1/96,2674.78,,11/1/96,6.04,,11/1/96,3526.12,,11/1/96,1035.88,,11/1/12,2481.82
12/1/96,740.74,,12/1/96,2641.01,,12/1/96,6.41,,12/1/96,3560.13,,12/1/96,1139.1,,12/1/12,2504.44
1/1/97,786.16,,1/1/97,2549.19,,1/1/97,6.5,,1/1/97,3507.79,,1/1/97,1151.78,,,
2/1/97,790.82,,2/1/97,2591.5,,2/1/97,6.54,,2/1/97,3265.97,,2/1/97,1152.77,,,
3/1/97,757.12,,3/1/97,2601.53,,3/1/97,6.91,,3/1/97,3321.06,,3/1/97,1142.11,,,
4/1/97,801.34,,4/1/97,2615.96,,4/1/97,6.7,,4/1/97,3397.89,,4/1/97,1116.07,,,
5/1/97,848.28,,5/1/97,2786.84,,5/1/97,6.66,,5/1/97,3422.19,,5/1/97,1151.79,,,
6/1/97,885.14,,6/1/97,2941.16,,6/1/97,6.5,,6/1/97,3237.05,,6/1/97,1207.07,,,
7/1/97,954.31,,7/1/97,2989.35,,7/1/97,6,,7/1/97,3369.67,,7/1/97,1243.2,,,
8/1/97,899.47,,8/1/97,2766.7,,8/1/97,6.33,,8/1/97,3454.89,,8/1/97,1240.7,,,
9/1/97,947.28,,9/1/97,2922.31,,9/1/97,6.11,,9/1/97,3542.28,,9/1/97,1339.81,,,
10/1/97,914.62,,10/1/97,2698.33,,10/1/97,5.82,,10/1/97,3639.73,,10/1/97,1305.67,,,
11/1/97,955.4,,11/1/97,2671.45,,11/1/97,5.85,,11/1/97,3280.88,,11/1/97,1327.8,,,
12/1/97,970.43,,12/1/97,2695.36,,12/1/97,5.74,,12/1/97,3059.17,,12/1/97,1353.94,,,
1/1/98,980.28,,1/1/98,2819.26,,1/1/98,5.51,,1/1/98,3009.87,,1/1/98,1347.61,,,
2/1/98,1049.34,,2/1/98,3000.81,,2/1/98,5.62,,2/1/98,2811.26,,2/1/98,1324.74,,,
3/1/98,1101.75,,3/1/98,3093.89,,3/1/98,5.66,,3/1/98,2796.66,,3/1/98,1346.59,,,
4/1/98,1111.75,,4/1/98,3119.08,,4/1/98,5.67,,4/1/98,2720.4,,4/1/98,1303.3,,,
5/1/98,1090.82,,5/1/98,3104.65,,5/1/98,5.55,,5/1/98,2592.06,,5/1/98,1292.25,,,
6/1/98,1133.84,,6/1/98,3128.85,,6/1/98,5.43,,6/1/98,2500.16,,6/1/98,1284.19,,,
7/1/98,1120.67,,7/1/98,3161.26,,7/1/98,5.49,,7/1/98,2303.62,,7/1/98,1200.01,,,
8/1/98,957.28,,8/1/98,2770.31,,8/1/98,5.03,,8/1/98,2167.67,,8/1/98,1075.84,,,
9/1/98,1017.01,,9/1/98,2686.1,,9/1/98,4.41,,9/1/98,2389.22,,9/1/98,1144.13,,,
10/1/98,1098.67,,10/1/98,2966.86,,10/1/98,4.6,,10/1/98,2277.14,,10/1/98,1112.97,,,
11/1/98,1163.63,,11/1/98,3119.59,,11/1/98,4.73,,11/1/98,2000.07,,11/1/98,1133.23,,,
12/1/98,1229.23,,12/1/98,3243.42,,12/1/98,4.64,,12/1/98,1965.65,,12/1/98,1099.09,,,
1/1/99,1279.64,,1/1/99,,,1/1/99,4.65,,1/1/99,1974.23,,1/1/99,1077.24,,,
2/1/99,1238.33,,2/1/99,,,2/1/99,5.27,,2/1/99,1883.29,,2/1/99,1048.32,,,
3/1/99,1286.37,,3/1/99,,,3/1/99,5.23,,3/1/99,2201.42,,3/1/99,1043.05,,,
4/1/99,1335.18,,4/1/99,,,4/1/99,5.35,,4/1/99,2292.4,,4/1/99,1144.33,,,
5/1/99,1301.84,,5/1/99,,,5/1/99,5.61,,5/1/99,2167.31,,5/1/99,1169.51,,,
6/1/99,1372.71,,6/1/99,,,6/1/99,5.81,,6/1/99,2306.7,,6/1/99,1153.42,,,
7/1/99,1328.72,,7/1/99,,,7/1/99,5.91,,7/1/99,2389.45,,7/1/99,1111.09,,,
8/1/99,1320.41,,8/1/99,,,8/1/99,5.98,,8/1/99,2557.63,,8/1/99,1086.83,,,
9/1/99,1282.71,,9/1/99,,,9/1/99,5.89,,9/1/99,2693.28,,9/1/99,1046.38,,,
10/1/99,1362.93,,10/1/99,,,10/1/99,6,,10/1/99,2554.39,,10/1/99,1019.39,,,
11/1/99,1388.91,,11/1/99,,,11/1/99,6.16,,11/1/99,2657.75,,11/1/99,997.96,,,
12/1/99,1469.25,,12/1/99,,,12/1/99,6.44,,12/1/99,2770,,12/1/99,1027.92,,,
1/1/00,1394.46,,1/1/00,,,1/1/00,6.67,,1/1/00,2970.29,,1/1/00,1031.41,,,
2/1/00,1366.42,,2/1/00,,,2/1/00,6.41,,2/1/00,3155.86,,2/1/00,1017.95,,,
3/1/00,1498.58,,3/1/00,,,3/1/00,6.02,,3/1/00,3119.23,,3/1/00,1050.95,,,
4/1/00,1452.43,,4/1/00,,,4/1/00,6.21,,4/1/00,3090.82,,4/1/00,1120.17,,,
5/1/00,1420.6,,5/1/00,,,5/1/00,6.29,,5/1/00,3436.91,,5/1/00,1131.89,,,
6/1/00,1454.6,,6/1/00,,,6/1/00,6.02,,6/1/00,3681.85,,6/1/00,1161.92,,,
7/1/00,1430.83,,7/1/00,,,7/1/00,6.03,,7/1/00,3399.09,,7/1/00,1260.66,,,
8/1/00,1517.68,,8/1/00,,,8/1/00,5.73,,8/1/00,3922.85,,8/1/00,1210.66,,,
9/1/00,1436.51,,9/1/00,,,9/1/00,5.78,,9/1/00,3869.14,,9/1/00,1249.59,,,
10/1/00,1429.4,,10/1/00,,,10/1/00,5.76,,10/1/00,3877.86,,10/1/00,1196.02,,,
11/1/00,1314.95,,11/1/00,,,11/1/00,5.44,,11/1/00,4235.22,,11/1/00,1210.26,,,
12/1/00,1320.28,,12/1/00,3552.51,,12/1/00,5.11,,12/1/00,4147.9,,12/1/00,1294.05,,,
1/1/01,1366.01,,1/1/01,3550.84,,1/1/01,5.18,,1/1/01,3927.75,,1/1/01,1312.88,,,
2/1/01,1239.94,,2/1/01,3284.9,,2/1/01,4.91,,2/1/01,3872.93,,2/1/01,1295.87,,,
3/1/01,1160.33,,3/1/01,3067.4,,3/1/01,4.92,,3/1/01,3721.13,,3/1/01,1307.67,,,
4/1/01,1249.46,,4/1/01,3282.54,,4/1/01,5.34,,4/1/01,3920.97,,4/1/01,1342.06,,,
5/1/01,1255.82,,5/1/01,3169.29,,5/1/01,5.41,,5/1/01,3809.28,,5/1/01,1376.06,,,
6/1/01,1224.38,,6/1/01,3040.86,,6/1/01,5.39,,6/1/01,3533.71,,6/1/01,1456.51,,,
7/1/01,1211.23,,7/1/01,2985.78,,7/1/01,5.04,,7/1/01,3542.17,,7/1/01,1431.32,,,
8/1/01,1133.58,,8/1/01,2910.76,,8/1/01,4.82,,8/1/01,3576.03,,8/1/01,1479.8,,,
9/1/01,1040.94,,9/1/01,2616.6,,9/1/01,4.58,,9/1/01,3184.24,,9/1/01,1420.49,,,
10/1/01,1059.78,,10/1/01,2683.5,,10/1/01,4.26,,10/1/01,3023.67,,10/1/01,1382.22,,,
11/1/01,1139.45,,11/1/01,2782.6,,11/1/01,4.74,,11/1/01,2861.28,,11/1/01,1456.21,,,
12/1/01,1148.08,,12/1/01,2799.19,,12/1/01,5.03,,12/1/01,2823.35,,12/1/01,1494.65,,,
1/1/02,1130.2,,1/1/02,2650.67,,1/1/02,5.03,,1/1/02,2735.26,,1/1/02,1500.34,,,
2/1/02,1106.73,,2/1/02,2669.39,,2/1/02,4.86,,2/1/02,2854.74,,2/1/02,1527.5,,,
3/1/02,1147.39,,3/1/02,2815.12,,3/1/02,5.41,,3/1/02,3239.61,,3/1/02,1618.94,,,
4/1/02,1076.92,,4/1/02,2835.51,,4/1/02,5.09,,4/1/02,3275.47,,4/1/02,1640.2,,,
5/1/02,1067.14,,5/1/02,2873.97,,5/1/02,5.04,,5/1/02,3132.95,,5/1/02,1663.91,,,
6/1/02,989.82,,6/1/02,2760.64,,6/1/02,4.82,,6/1/02,3240.01,,6/1/02,1709.47,,,
7/1/02,911.62,,7/1/02,2488.32,,7/1/02,4.47,,7/1/02,3258.75,,7/1/02,1623.17,,,
8/1/02,916.07,,8/1/02,2483.26,,8/1/02,4.14,,8/1/02,3455.84,,8/1/02,1622.78,,,
9/1/02,815.28,,9/1/02,2217.19,,9/1/02,3.61,,9/1/02,3613.65,,9/1/02,1558.64,,,
10/1/02,885.76,,10/1/02,2336.53,,10/1/02,3.91,,10/1/02,3443.14,,10/1/02,1487.43,,,
11/1/02,936.31,,11/1/02,2442.87,,11/1/02,4.21,,11/1/02,3435.66,,11/1/02,1554.81,,,
12/1/02,879.82,,12/1/02,2360.91,,12/1/02,3.82,,12/1/02,3728.76,,12/1/02,1572.61,,,
1/1/03,855.7,,1/1/03,2262.53,,1/1/03,3.98,,1/1/03,4064.02,,1/1/03,1528.74,,,
2/1/03,841.15,,2/1/03,2210.81,,2/1/03,3.7,,2/1/03,4556.68,,2/1/03,1553.5,,,
3/1/03,848.18,,3/1/03,2169.03,,3/1/03,3.82,,3/1/03,3900.01,,3/1/03,1585.62,,,
4/1/03,916.92,,4/1/03,2384.11,,4/1/03,3.86,,4/1/03,3660.66,,4/1/03,1661.26,,,
5/1/03,963.59,,5/1/03,2530.78,,5/1/03,3.35,,5/1/03,4011.64,,5/1/03,1762.95,,,
6/1/03,974.5,,6/1/03,2593.41,,6/1/03,3.53,,6/1/03,4020.44,,6/1/03,1808.81,,,
7/1/03,990.31,,7/1/03,2656.58,,7/1/03,4.47,,7/1/03,4049.07,,7/1/03,1903.5,,,
8/1/03,1008.01,,8/1/03,2721.19,,8/1/03,4.45,,8/1/03,4214.54,,8/1/03,1911.69,,,
9/1/03,995.97,,9/1/03,2805.62,,9/1/03,3.94,,9/1/03,4042.42,,9/1/03,1971.87,,,
10/1/03,1050.71,,10/1/03,2980.67,,10/1/03,4.3,,10/1/03,4130.98,,10/1/03,2014.35,,,
11/1/03,1058.2,,11/1/03,3047.36,,11/1/03,4.32,,11/1/03,4236.69,,11/1/03,2105.34,,,
12/1/03,1111.92,,12/1/03,3285.58,,12/1/03,4.26,,12/1/03,4501.27,,12/1/03,2177.53,,,
1/1/04,1131.13,,1/1/04,3332.28,,1/1/04,4.14,,1/1/04,4518.91,,1/1/04,2271.21,,,
2/1/04,1144.94,,2/1/04,3409.77,,2/1/04,3.98,,2/1/04,4854.23,,2/1/04,2321.02,,,
3/1/04,1126.21,,3/1/04,3430.29,,3/1/04,3.84,,3/1/04,4951.78,,3/1/04,2450.94,,,
4/1/04,1107.3,,4/1/04,3355.61,,4/1/04,4.5,,4/1/04,5088.35,,4/1/04,2076.83,,,
5/1/04,1120.68,,5/1/04,3370.14,,5/1/04,4.66,,5/1/04,5323.78,,5/1/04,2223.5,,,
6/1/04,1140.84,,6/1/04,3445.35,,6/1/04,4.62,,6/1/04,5073.56,,6/1/04,2290.04,,,
7/1/04,1101.72,,7/1/04,3334.01,,7/1/04,4.48,,7/1/04,5466.9,,7/1/04,2291.01,,,
8/1/04,1104.24,,8/1/04,3349.49,,8/1/04,4.13,,8/1/04,5254.62,,8/1/04,2471.59,,,
9/1/04,1114.58,,9/1/04,3437.52,,9/1/04,4.12,,9/1/04,5917.43,,9/1/04,2476.38,,,
10/1/04,1130.2,,10/1/04,3554.95,,10/1/04,4.03,,10/1/04,6162.91,,10/1/04,2588.96,,,
11/1/04,1173.82,,11/1/04,3798.78,,11/1/04,4.36,,11/1/04,5864.79,,11/1/04,2709.02,,,
12/1/04,1211.92,,12/1/04,3965.61,,12/1/04,4.22,,12/1/04,5278.98,,12/1/04,2839.7,,,
1/1/05,1181.27,,1/1/05,3893.15,,1/1/05,4.13,,1/1/05,5635.92,,1/1/05,2615.03,,,
2/1/05,1203.6,,2/1/05,4062.26,,2/1/05,4.36,,2/1/05,5986.82,,2/1/05,2673.98,,,
3/1/05,1180.59,,3/1/05,3961.78,,3/1/05,4.5,,3/1/05,6439.38,,3/1/05,2624.25,,,
4/1/05,1156.85,,4/1/05,3873.1,,4/1/05,4.2,,4/1/05,5856.56,,4/1/05,2747.03,,,
5/1/05,1191.5,,5/1/05,3879.02,,5/1/05,4.01,,5/1/05,5813.64,,5/1/05,2845.25,,,
6/1/05,1191.33,,6/1/05,3932.05,,6/1/05,3.95,,6/1/05,6150.56,,6/1/05,2978.97,,,
7/1/05,1234.18,,7/1/05,4052.84,,7/1/05,4.29,,7/1/05,6488.55,,7/1/05,3174.61,,,
8/1/05,1220.33,,8/1/05,4156.42,,8/1/05,4.02,,8/1/05,7471.14,,8/1/05,3039.81,,,
9/1/05,1228.81,,9/1/05,4342.38,,9/1/05,4.33,,9/1/05,7472.48,,9/1/05,3036.75,,,
10/1/05,1207.01,,10/1/05,4215.85,,10/1/05,4.56,,10/1/05,6700.94,,10/1/05,2953.72,,,
11/1/05,1249.48,,11/1/05,4320.1,,11/1/05,4.5,,11/1/05,6443.1,,11/1/05,3081.86,,,
12/1/05,1248.29,,12/1/05,4521.41,,12/1/05,4.4,,12/1/05,6627.92,,12/1/05,3075.06,,,
1/1/06,1280.08,,1/1/06,4799.33,,1/1/06,4.53,,1/1/06,6915.18,,1/1/06,3290.26,,,
2/1/06,1280.66,,2/1/06,4789.5,,2/1/06,4.55,,2/1/06,6216.45,,2/1/06,3337.77,,,
3/1/06,1294.87,,3/1/06,4949.71,,3/1/06,4.85,,3/1/06,6535.38,,3/1/06,3504.61,,,
4/1/06,1310.61,,4/1/06,5189.76,,4/1/06,5.07,,4/1/06,6949.29,,4/1/06,3394.99,,,
5/1/06,1270.09,,5/1/06,4994.46,,5/1/06,5.11,,5/1/06,6895.81,,5/1/06,3303.2,,,
6/1/06,1270.2,,6/1/06,4996.29,,6/1/06,5.14,,6/1/06,6975.97,,6/1/06,3468.22,,,
7/1/06,1276.66,,7/1/06,5046.33,,7/1/06,4.99,,7/1/06,7115.85,,7/1/06,3573.46,,,
8/1/06,1303.82,,8/1/06,5186.45,,8/1/06,4.73,,8/1/06,6599.42,,8/1/06,3693.51,,,
9/1/06,1335.85,,9/1/06,5195.48,,9/1/06,4.63,,9/1/06,5892.86,,9/1/06,3766.99,,,
10/1/06,1377.94,,10/1/06,5398.02,,10/1/06,4.61,,10/1/06,5741.51,,10/1/06,4000.04,,,
11/1/06,1400.63,,11/1/06,5560.83,,11/1/06,4.46,,11/1/06,6058.91,,11/1/06,4174.5,,,
12/1/06,1418.3,,12/1/06,5735.74,,12/1/06,4.71,,12/1/06,5627.64,,12/1/06,4121.18,,,
1/1/07,1438.24,,1/1/07,5775,,1/1/07,4.83,,1/1/07,5498.77,,1/1/07,4445.83,,,
2/1/07,1406.82,,2/1/07,5822.43,,2/1/07,4.55,,2/1/07,5735.06,,2/1/07,4317.28,,,
3/1/07,1420.86,,3/1/07,5973.61,,3/1/07,4.65,,3/1/07,5920.55,,3/1/07,4208.77,,,
4/1/07,1482.37,,4/1/07,6244.51,,4/1/07,4.63,,4/1/07,5904.26,,4/1/07,4215.22,,,
5/1/07,1530.62,,5/1/07,6362.21,,5/1/07,4.89,,5/1/07,5812.55,,5/1/07,4220.53,,,
6/1/07,1503.35,,6/1/07,6372.03,,6/1/07,5.03,,6/1/07,5999.78,,6/1/07,3839.06,,,
7/1/07,1455.27,,7/1/07,6278.87,,7/1/07,4.77,,7/1/07,6332.53,,7/1/07,3501.7,,,
8/1/07,1473.99,,8/1/07,6182.25,,8/1/07,4.54,,8/1/07,6067.4,,8/1/07,3692.41,,,
9/1/07,1526.75,,9/1/07,6514.18,,9/1/07,4.58,,9/1/07,6687.84,,9/1/07,3850.88,,,
10/1/07,1549.38,,10/1/07,6770.86,,10/1/07,4.48,,10/1/07,7330.34,,10/1/07,3882.25,,,
11/1/07,1481.14,,11/1/07,6549.96,,11/1/07,3.97,,11/1/07,7059.31,,11/1/07,3545.57,,,
12/1/07,1468.36,,12/1/07,6402.91,,12/1/07,4.04,,12/1/07,7466.3,,12/1/07,3386.3,,,
1/1/08,1378.55,,1/1/08,5812.05,,1/1/08,3.64,,1/1/08,7464.4,,1/1/08,3371.76,,,
2/1/08,1330.63,,2/1/08,5897.12,,2/1/08,3.53,,2/1/08,8304.77,,2/1/08,3242.42,,,
3/1/08,1322.7,,3/1/08,5837.9,,3/1/08,3.43,,3/1/08,8207.26,,3/1/08,3366.68,,,
4/1/08,1385.59,,4/1/08,6162.27,,4/1/08,3.76,,4/1/08,8860.93,,4/1/08,3574.89,,,
5/1/08,1400.38,,5/1/08,6233.99,,5/1/08,4.05,,5/1/08,9667.63,,5/1/08,3605.5,,,
6/1/08,1280,,6/1/08,5725.4,,6/1/08,3.98,,6/1/08,10558.65,,6/1/08,3198.01,,,
7/1/08,1267.38,,7/1/08,5542.11,,7/1/08,3.98,,7/1/08,9267.72,,7/1/08,3288.95,,,
8/1/08,1282.83,,8/1/08,5318.98,,8/1/08,3.81,,8/1/08,8609.5,,8/1/08,3350.69,,,
9/1/08,1166.36,,9/1/08,4551.75,,9/1/08,3.83,,9/1/08,7538.31,,9/1/08,3333.52,,,
10/1/08,968.75,,10/1/08,3633.5,,10/1/08,3.97,,10/1/08,5412.61,,10/1/08,2315.47,,,
11/1/08,896.24,,11/1/08,3438.81,,11/1/08,2.96,,11/1/08,4609.34,,11/1/08,1814.81,,,
12/1/08,903.25,,12/1/08,3645.94,,12/1/08,2.24,,12/1/08,3995.39,,12/1/08,2104.93,,,
1/1/09,825.88,,1/1/09,3288.72,,1/1/09,2.84,,1/1/09,3638.25,,1/1/09,1759.48,,,
2/1/09,735.09,,2/1/09,2952.38,,2/1/09,3.04,,2/1/09,3416.3,,2/1/09,1414.86,,,
3/1/09,797.87,,3/1/09,3140.96,,3/1/09,2.69,,3/1/09,3570.22,,3/1/09,1476.26,,,
4/1/09,872.81,,4/1/09,3548.08,,4/1/09,3.12,,4/1/09,3537.42,,4/1/09,1890.61,,,
5/1/09,919.14,,5/1/09,3974.3,,5/1/09,3.47,,5/1/09,4233.06,,5/1/09,1929.39,,,
6/1/09,919.32,,6/1/09,3952.86,,6/1/09,3.52,,6/1/09,4257.24,,6/1/09,1879,,,
7/1/09,987.48,,7/1/09,4314.26,,7/1/09,3.5,,7/1/09,4276.1,,7/1/09,2072.83,,,
8/1/09,1020.62,,8/1/09,4549.45,,8/1/09,3.4,,8/1/09,4175,,8/1/09,2332.22,,,
9/1/09,1057.08,,9/1/09,4724.5,,9/1/09,3.31,,9/1/09,4182.21,,9/1/09,2480.34,,,
10/1/09,1036.19,,10/1/09,4665.68,,10/1/09,3.39,,10/1/09,4427.82,,10/1/09,2362.14,,,
11/1/09,1095.63,,11/1/09,4760.25,,11/1/09,3.2,,11/1/09,4495.31,,11/1/09,2526.31,,,
12/1/09,1115.1,,12/1/09,4829.42,,12/1/09,3.84,,12/1/09,4534.17,,12/1/09,2690.12,,,
1/1/10,1073.87,,1/1/10,4616.96,,1/1/10,3.61,,1/1/10,4176.22,,1/1/10,2562.66,,,
2/1/10,1104.49,,2/1/10,4585.76,,2/1/10,3.6,,2/1/10,4408.36,,2/1/10,2692.79,,,
3/1/10,1169.43,,3/1/10,4874.92,,3/1/10,3.83,,3/1/10,4493.67,,3/1/10,2944.71,,,
4/1/10,1186.69,,4/1/10,4790.74,,4/1/10,3.66,,4/1/10,4618.37,,4/1/10,3138.77,,,
5/1/10,1089.41,,5/1/10,4246.17,,5/1/10,3.3,,5/1/10,4009.25,,5/1/10,2972.37,,,
6/1/10,1030.71,,6/1/10,4204.86,,6/1/10,2.95,,6/1/10,4025.97,,6/1/10,2836.82,,,
7/1/10,1101.6,,7/1/10,4604,,7/1/10,2.91,,7/1/10,4252.64,,7/1/10,3092.76,,,
8/1/10,1049.33,,8/1/10,4461.69,,8/1/10,2.48,,8/1/10,4017.69,,8/1/10,3050.51,,,
9/1/10,1141.2,,9/1/10,4899.9,,9/1/10,2.52,,9/1/10,4358.72,,9/1/10,3187.27,,,
10/1/10,1183.26,,10/1/10,5077.17,,10/1/10,2.61,,10/1/10,4470.16,,10/1/10,3332.1,,,
11/1/10,1180.55,,11/1/10,4834.02,,11/1/10,2.8,,11/1/10,4518.55,,11/1/10,3277.59,,,
12/1/10,1257.64,,12/1/10,5225.89,,12/1/10,3.31,,12/1/10,4943.41,,12/1/10,3431.62,,,
1/1/11,1286.12,,1/1/11,5349.9,,1/1/11,3.38,,1/1/11,5094.27,,1/1/11,3562.13,,,
2/1/11,1327.22,,2/1/11,5527.53,,2/1/11,3.41,,2/1/11,5285.08,,2/1/11,3722.32,,,
3/1/11,1325.83,,3/1/11,5406.15,,3/1/11,3.45,,3/1/11,5515.06,,3/1/11,3671.46,,,
4/1/11,1363.61,,4/1/11,5734.64,,4/1/11,3.3,,4/1/11,5758.37,,4/1/11,3847.71,,,
5/1/11,1345.2,,5/1/11,5573.71,,5/1/11,3.05,,5/1/11,5361.71,,5/1/11,3883.34,,,
6/1/11,1320.64,,6/1/11,5505.29,,6/1/11,3.16,,6/1/11,5077.25,,6/1/11,3776.69,,,
7/1/11,1292.28,,7/1/11,5418.7,,7/1/11,2.81,,7/1/11,5200.87,,7/1/11,3788.86,,,
8/1/11,1218.89,,8/1/11,4930.06,,8/1/11,2.22,,8/1/11,5104.94,,8/1/11,3605.03,,,
9/1/11,1131.42,,9/1/11,4461.87,,9/1/11,1.92,,9/1/11,4483.73,,9/1/11,3228.59,,,
10/1/11,1253.3,,10/1/11,4892.32,,10/1/11,2.18,,10/1/11,4920.72,,10/1/11,3653.98,,,
11/1/11,1246.96,,11/1/11,4656.26,,11/1/11,2.07,,11/1/11,4990.43,,11/1/11,3522.02,,,
12/1/11,1257.6,,12/1/11,4612.71,,12/1/11,1.87,,12/1/11,4885.26,,12/1/11,3682.29,,,
1/1/12,1312.41,,1/1/12,4859.63,,1/1/12,1.8,,1/1/12,4994.31,,1/1/12,3919.93,,,
2/1/12,1365.68,,2/1/12,5139.97,,2/1/12,1.98,,2/1/12,5297.13,,2/1/12,3892.19,,,
3/1/12,1408.47,,3/1/12,5119.19,,3/1/12,2.22,,3/1/12,5172.64,,3/1/12,4063.87,,,
4/1/12,1397.91,,4/1/12,5024.9,,4/1/12,1.92,,4/1/12,5146.09,,4/1/12,4175.81,,,
5/1/12,1310.33,,5/1/12,4454.41,,5/1/12,1.58,,5/1/12,4478.23,,5/1/12,4012.72,,,
6/1/12,1362.16,,6/1/12,4768.43,,6/1/12,1.66,,6/1/12,4532.03,,6/1/12,4244.87,,,
7/1/12,1379.32,,7/1/12,4823.09,,7/1/12,1.49,,7/1/12,4820.88,,7/1/12,4345.05,,,
8/1/12,1406.58,,8/1/12,4953.13,,8/1/12,1.56,,8/1/12,5127.74,,8/1/12,4356.42,,,
9/1/12,1440.67,,9/1/12,5101.4,,9/1/12,1.64,,9/1/12,5054.81,,9/1/12,4320.99,,,
10/1/12,1412.16,,10/1/12,5144.26,,10/1/12,1.69,,10/1/12,4849.29,,10/1/12,4302.37,,,
11/1/12,1416.18,,11/1/12,5269.06,,11/1/12,1.61,,11/1/12,4920.92,,11/1/12,4275.74,,,
12/1/12,1426.19,,12/1/12,5438.3,,12/1/12,1.76,,12/1/12,4889.01,,12/1/12,4408.71,,,